<?xml version="1.0" encoding="GBK"?>
<!--  This file conforms to the DTD xdc/bld/build.dtd -->
<package name="configPkg" version="" producerId="undefined">
    <units>
    </units>
    <sources>
        <srcFile name="package/cfg/app_ble_prm3.c"/>
    </sources>
    <configscripts>
        <srcFile name="C:/ti/simplelink/ble_sdk_2_02_01_18/examples/cc2650em/sunlightsensor/iar/config/app_ble.cfg"/>
    </configscripts>
    <makefiles>
        <srcFile name="package.mak" src="package.bld"/>
        <srcFile name="package/package.xdc.dep" src="package.xdc"/>
        <srcFile name="package/cfg/app_ble_prm3.mak" src="package.bld"/>
        <srcFile name="package/cfg/app_ble_prm3.orm3.dep" src="package/cfg/app_ble_prm3.c"/>
        <srcFile name="package/cfg/app_ble_prm3.dep" src="package/cfg/app_ble_prm3.cfg"/>
        <srcFile name="package/cfg/app_ble.xrm3.mak" src="package.bld"/>
        <srcFile name="package/rel/configPkg.tar.dep" src="package/rel/configPkg.xdc.inc"/>
    </makefiles>
    <targets>
        <target name="iar.targets.arm.M3"
            version="iar.targets.arm.M3{1,0,8.10,1"
            rawVersion="8.10.1.12857"
            platform="ti.platforms.tiva:TM4C1294NCPDT:1"
            isa="v7M"
            suffix="rm3"
            rootDir="D:/IAR/arm"
            os="undefined"
            rts="iar.targets.arm.rts">
            <model endian="little"
                codeModel="thumb2"
                dataModel="undefined"/>
        </target>
    </targets>
    <libraries>
    </libraries>
    <configurations>
    <configuration name="app_ble"
        pname="app_ble.prm3"
        target="iar.targets.arm.M3"
        platform="ti.platforms.simplelink:CC2650F128"
        profile="release"
        isPartial="false"
        xCfgScript="package/cfg/app_ble_prm3.cfg"
        xCfgPrefix="package/cfg/app_ble_prm3"
        cfgScript="C:/ti/simplelink/ble_sdk_2_02_01_18/examples/cc2650em/sunlightsensor/iar/config/app_ble.cfg"
        cfgArgs="null"
        />
    </configurations>
    <executables>
    <executable name="app_ble"
        pname="app_ble.xrm3"
        target="iar.targets.arm.M3"
        platform="ti.platforms.simplelink:CC2650F128"
        profile="release"
        xCfgScript="package/cfg/app_ble_prm3.cfg"
        xCfgPrefix="package/cfg/app_ble_prm3"
        cfgScript="C:/ti/simplelink/ble_sdk_2_02_01_18/examples/cc2650em/sunlightsensor/iar/config/app_ble.cfg"
        cfgArgs="null"
        />
    </executables>
    <tests>
    <test exeName="app_ble.xrm3"
        args=""
        groupName="app_ble.xrm3"
        refOutput="undefined"
        refExitCode="0"
        execArgs=""
        />
    </tests>
    <releases relDir="package/rel/">
    <release name="configPkg"
        pname="configPkg.tar"
        label="default"
    >
        <file name="package/package.bld.xml"/>
        <file name="package/build.cfg"/>
        <file name="package/package.xdc.inc"/>
    </release>
    </releases>
    <repositories>
    </repositories>
</package>
